"","X-square","Df","p-value","Cramers V Value"
"mclust_results",3464.48252169693,16,0,0.380509923404722
"hclust_3PCs-5Clusters",3493.25748951114,16,0,0.382086857266492
